Workbook

Sheet Students_Synthetic
A1: student_id | B1: fictitious_display_name | C1: institution_symbol | D1: school_name | E1: authority_name | F1: school_stage | G1: school_year | H1: disability_category | I1: placement_type | J1: weekly_support_hours | K1: goals | L1: accommodations | M1: review_date | N1: confidence
A2: STU-0001 | B2: יעל ח. | C2: 144329 | D2: תיכון מכבים רעות | E2: מודיעין מכבים רעות | F2: חט"ב ועליונה | G2: תשפ"ד | H2: לקות למידה | I2: הכלה מלאה | J2: 2 | K2: שיפור מיומנויות חשבון בסיסיות; שיפור כתיבה ותפקוד בכיתה | L2: הארכת זמן במבחנים; הפחתת עומס מטלות; בחינה בעל פה | M2: 46390 | N2: 0.83
A3: STU-0002 | B3: נועה ה. | C3: 144329 | D3: תיכון מכבים רעות | E3: מודיעין מכבים רעות | F3: חט"ב ועליונה | G3: תשפ"ד | H3: הפרעת קשב וריכוז (ADHD) | I3: הכלה מלאה | J3: 3 | K3: הכנה למעבר לחטיבת ביניים; שיפור מיומנויות קריאה ופענוח | L3: עזרים חזותיים תומכים; הארכת זמן במבחנים; בחינה בעל פה; פירוק הוראות למספר שלבים | M3: 46535 | N3: 0.75
A4: STU-0003 | B4: עומר ע. | C4: 144329 | D4: תיכון מכבים רעות | E4: מודיעין מכבים רעות | F4: חט"ב ועליונה | G4: תשפ"ד | H4: הפרעה בספקטרום האוטיסטי | I4: הכלה חלקית | J4: 6 | K4: הכנה למעבר לחטיבת ביניים; פיתוח מיומנויות חברתיות | L4: בחינה בעל פה; הפחתת עומס מטלות; ליווי סייעת חלקי | M4: 46406 | N4: 0.74
A5: STU-0004 | B5: תומר ס. | C5: 144329 | D5: תיכון מכבים רעות | E5: מודיעין מכבים רעות | F5: חט"ב ועליונה | G5: תשפ"ד | H5: לקות מוטורית/פיזית | I5: הכלה חלקית | J5: 6 | K5: פיתוח שפה ותקשורת פונקציונלית; שיפור קשב וריכוז במטלות לימודיות; פיתוח מיומנויות חברתיות | L5: שימוש במחשב/מקלדת; הארכת זמן במבחנים | M5: 46517 | N5: 0.86
A6: STU-0005 | B6: תומר כ. | C6: 144329 | D6: תיכון מכבים רעות | E6: מודיעין מכבים רעות | F6: חט"ב ועליונה | G6: תשפ"ד | H6: עיכוב התפתחותי | I6: הכלה מלאה | J6: 2 | K6: פיתוח שפה ותקשורת פונקציונלית; חיזוק ויסות רגשי והתנהגותי | L6: עזרים חזותיים תומכים; הארכת זמן במבחנים; ליווי סייעת חלקי | M6: 46412 | N6: 0.87
A7: STU-0006 | B7: אריאל י. | C7: 144329 | D7: תיכון מכבים רעות | E7: מודיעין מכבים רעות | F7: חט"ב ועליונה | G7: תשפ"ד | H7: לקות חושית - שמיעה | I7: הכלה חלקית | J7: 6 | K7: שיפור כתיבה ותפקוד בכיתה; שיפור קשב וריכוז במטלות לימודיות | L7: בחינה בעל פה; הארכת זמן במבחנים; ליווי סייעת חלקי | M7: 46548 | N7: 0.89
A8: STU-0007 | B8: יהונתן מ. | C8: 144329 | D8: תיכון מכבים רעות | E8: מודיעין מכבים רעות | F8: חט"ב ועליונה | G8: תשפ"ד | H8: לקות חושית - שמיעה | I8: הכלה חלקית | J8: 6 | K8: חיזוק ויסות רגשי והתנהגותי; שיפור כתיבה ותפקוד בכיתה; עצמאות בתפקוד יומיומי בכיתה | L8: שימוש במחשב/מקלדת; עזרים חזותיים תומכים | M8: 46451 | N8: 0.91
A9: STU-0008 | B9: שירה ה. | C9: 144329 | D9: תיכון מכבים רעות | E9: מודיעין מכבים רעות | F9: חט"ב ועליונה | G9: תשפ"ד | H9: לקות חושית - שמיעה | I9: כיתה מיוחדת בבי"ס רגיל | J9: 10 | K9: שיפור מיומנויות חשבון בסיסיות; שיפור קשב וריכוז במטלות לימודיות; חיזוק ויסות רגשי והתנהגותי | L9: הפחתת עומס מטלות; ליווי סייעת חלקי; שימוש במחשב/מקלדת | M9: 46468 | N9: 0.95
A10: STU-0009 | B10: תומר ה. | C10: 260232 | D10: מקיף עמק החולה | E10: הגליל העליון | F10: חט"ב ועליונה | G10: תשפ"ד | H10: לקות שכלית התפתחותית - קלה | I10: הכלה מלאה | J10: 2 | K10: עצמאות בתפקוד יומיומי בכיתה; חיזוק ויסות רגשי והתנהגותי | L10: הפחתת עומס מטלות; הארכת זמן במבחנים; בחינה בעל פה | M10: 46495 | N10: 0.82
A11: STU-0010 | B11: יעל ז. | C11: 260232 | D11: מקיף עמק החולה | E11: הגליל העליון | F11: חט"ב ועליונה | G11: תשפ"ד | H11: לקות למידה | I11: הכלה חלקית | J11: 8 | K11: שיפור מיומנויות חשבון בסיסיות; שיפור מוטוריקה עדינה; הכנה למעבר לחטיבת ביניים | L11: עזרים חזותיים תומכים; הארכת זמן במבחנים; שימוש במחשב/מקלדת | M11: 46551 | N11: 0.74
A12: STU-0011 | B12: יהונתן ה. | C12: 260232 | D12: מקיף עמק החולה | E12: הגליל העליון | F12: חט"ב ועליונה | G12: תשפ"ד | H12: לקות למידה | I12: הכלה מלאה | J12: 2 | K12: שיפור מיומנויות קריאה ופענוח; חיזוק ויסות רגשי והתנהגותי | L12: בחינה בעל פה; ישיבה בקדמת הכיתה; הפחתת עומס מטלות; הארכת זמן במבחנים | M12: 46415 | N12: 0.77
A13: STU-0012 | B13: תומר ט. | C13: 260232 | D13: מקיף עמק החולה | E13: הגליל העליון | F13: חט"ב ועליונה | G13: תשפ"ד | H13: לקות חושית - שמיעה | I13: הכלה חלקית | J13: 8 | K13: שיפור כתיבה ותפקוד בכיתה; עצמאות בתפקוד יומיומי בכיתה | L13: פירוק הוראות למספר שלבים; שימוש במחשב/מקלדת; ישיבה בקדמת הכיתה | M13: 46392 | N13: 0.75
... A81: STU-0080 | B81: ליאור ת. | C81: 520288 | D81: עירוני נווה צדק | E81: תל אביב-יפו | F81: חט"ב ועליונה | G81: תשפ"ד | H81: לקות שכלית התפתחותית - קלה | I81: חינוך מיוחד נפרד | J81: 25 | K81: הכנה למעבר לחטיבת ביניים; שיפור מיומנויות חשבון בסיסיות; פיתוח מיומנויות חברתיות | L81: ליווי סייעת חלקי; הארכת זמן במבחנים; בחינה בעל פה | M81: 46431 | N81: 0.76

Sheet Real_Schools_Reference
A1: institution_symbol | B1: school_name | C1: authority_name | D1: institution_education_type | E1: school_stage | F1: real_special_ed_students_2024 | G1: real_special_ed_classes_2024 | H1: real_regular_classes_2024 | I1: real_inclusion_rate_2024 | J1: socio_economic_cluster
A2: 144329 | B2: תיכון מכבים רעות | C2: מודיעין מכבים רעות | D2: רגיל | E2: חט"ב ועליונה | F2: 138 | G2: 13 | H2: 45 | I2: 0.057955 | J2: 9
A3: 260232 | B3: מקיף עמק החולה | C3: הגליל העליון | D3: רגיל | E3: חט"ב ועליונה | F3: 114 | G3: 14 | H3: 34 | I3: 0.042826 | J3: 7
A4: 270140 | B4: קמפוס פרס חדשנות ומנהיגות | C4: יקנעם עילית | D4: רגיל | E4: חט"ב ועליונה | F4: 122 | G4: 12 | H4: 41 | I4: 0.032032 | J4: 7
A5: 340190 | B5: כל ישראל חברים | C5: חיפה | D5: רגיל | E5: חט"ב ועליונה | F5: 88 | G5: 12 | H5: 37 | I5: 0.031289 | J5: 7
A6: 415489 | B6: הראל | C6: לוד | D6: רגיל | E6: יסודי בלבד | F6: 93 | G6: 13 | H6: 24 | I6: 0.03324 | J6: 4
A7: 440495 | B7: כנפי רוח | C7: ראש העין | D7: רגיל | E7: חט"ב ועליונה | F7: 140 | G7: 12 | H7: 19 | I7: 0.041047 | J7: 7
A8: 570077 | B8: אורט סינגאלובסקי תל אביב | C8: תל אביב-יפו | D8: רגיל | E8: חט"ב ועליונה | F8: 114 | G8: 12 | H8: 27 | I8: 0.041724 | J8: 8
A9: 225888 | B9: בי"ס אזורי חנ"מ שחף | C9: עמק הירדן | D9: מיוחד | E9: יסודי בלבד | F9: 209 | G9: 19 | H9: 0 | I9: 0.043165 | J9: 7
A10: 420265 | B10: התומר | C10: נס ציונה | D10: מיוחד | E10: יסודי ועליונה | F10: 216 | G10: 21 | H10: 0 | I10: 0.049595 | J10: 8
A11: 520288 | B11: עירוני נווה צדק | C11: תל אביב-יפו | D11: מיוחד | E11: חט"ב ועליונה | F11: 202 | G11: 20 | H11: 0 | I11: 0.041724 | J11: 8

Sheet Schools_Summary
A1: school_name | B1: n_synthetic_students | C1: n_synthetic_inclusion | D1: n_synthetic_separate | E1: synthetic_inclusion_index | F1: real_special_ed_students_2024 | G1: real_special_ed_classes_2024
A2: תיכון מכבים רעות | B2: =COUNTIF(Students_Synthetic!D2:D81,A2) -> 8 | C2: =COUNTIFS(Students_Synthetic!D2:D81,A2,Students_Synthetic!I2:I81,"הכלה מלאה")+COUNTIFS(Students_Synthetic!D2:D81,A2,Students_Synthetic!I2:I81,"הכלה חלקית") -> 7 | D2: =COUNTIFS(Students_Synthetic!D2:D81,A2,Students_Synthetic!I2:I81,"כיתה מיוחדת בבי""ס רגיל")+COUNTIFS(Students_Synthetic!D2:D81,A2,Students_Synthetic!I2:I81,"חינוך מיוחד נפרד") -> 1 | E2: =IF((C2+D2)=0,"-",(C2-D2)/(C2+D2)) -> 0.75 | F2: 138 | G2: 13
A3: מקיף עמק החולה | B3: =COUNTIF(Students_Synthetic!D2:D81,A3) -> 8 | C3: =COUNTIFS(Students_Synthetic!D2:D81,A3,Students_Synthetic!I2:I81,"הכלה מלאה")+COUNTIFS(Students_Synthetic!D2:D81,A3,Students_Synthetic!I2:I81,"הכלה חלקית") -> 7 | D3: =COUNTIFS(Students_Synthetic!D2:D81,A3,Students_Synthetic!I2:I81,"כיתה מיוחדת בבי""ס רגיל")+COUNTIFS(Students_Synthetic!D2:D81,A3,Students_Synthetic!I2:I81,"חינוך מיוחד נפרד") -> 1 | E3: =IF((C3+D3)=0,"-",(C3-D3)/(C3+D3)) -> 0.75 | F3: 114 | G3: 14
A4: קמפוס פרס חדשנות ומנהיגות | B4: =COUNTIF(Students_Synthetic!D2:D81,A4) -> 8 | C4: =COUNTIFS(Students_Synthetic!D2:D81,A4,Students_Synthetic!I2:I81,"הכלה מלאה")+COUNTIFS(Students_Synthetic!D2:D81,A4,Students_Synthetic!I2:I81,"הכלה חלקית") -> 6 | D4: =COUNTIFS(Students_Synthetic!D2:D81,A4,Students_Synthetic!I2:I81,"כיתה מיוחדת בבי""ס רגיל")+COUNTIFS(Students_Synthetic!D2:D81,A4,Students_Synthetic!I2:I81,"חינוך מיוחד נפרד") -> 2 | E4: =IF((C4+D4)=0,"-",(C4-D4)/(C4+D4)) -> 0.5 | F4: 122 | G4: 12
A5: כל ישראל חברים | B5: =COUNTIF(Students_Synthetic!D2:D81,A5) -> 8 | C5: =COUNTIFS(Students_Synthetic!D2:D81,A5,Students_Synthetic!I2:I81,"הכלה מלאה")+COUNTIFS(Students_Synthetic!D2:D81,A5,Students_Synthetic!I2:I81,"הכלה חלקית") -> 6 | D5: =COUNTIFS(Students_Synthetic!D2:D81,A5,Students_Synthetic!I2:I81,"כיתה מיוחדת בבי""ס רגיל")+COUNTIFS(Students_Synthetic!D2:D81,A5,Students_Synthetic!I2:I81,"חינוך מיוחד נפרד") -> 2 | E5: =IF((C5+D5)=0,"-",(C5-D5)/(C5+D5)) -> 0.5 | F5: 88 | G5: 12
A6: הראל | B6: =COUNTIF(Students_Synthetic!D2:D81,A6) -> 8 | C6: =COUNTIFS(Students_Synthetic!D2:D81,A6,Students_Synthetic!I2:I81,"הכלה מלאה")+COUNTIFS(Students_Synthetic!D2:D81,A6,Students_Synthetic!I2:I81,"הכלה חלקית") -> 7 | D6: =COUNTIFS(Students_Synthetic!D2:D81,A6,Students_Synthetic!I2:I81,"כיתה מיוחדת בבי""ס רגיל")+COUNTIFS(Students_Synthetic!D2:D81,A6,Students_Synthetic!I2:I81,"חינוך מיוחד נפרד") -> 1 | E6: =IF((C6+D6)=0,"-",(C6-D6)/(C6+D6)) -> 0.75 | F6: 93 | G6: 13
A7: כנפי רוח | B7: =COUNTIF(Students_Synthetic!D2:D81,A7) -> 8 | C7: =COUNTIFS(Students_Synthetic!D2:D81,A7,Students_Synthetic!I2:I81,"הכלה מלאה")+COUNTIFS(Students_Synthetic!D2:D81,A7,Students_Synthetic!I2:I81,"הכלה חלקית") -> 8 | D7: =COUNTIFS(Students_Synthetic!D2:D81,A7,Students_Synthetic!I2:I81,"כיתה מיוחדת בבי""ס רגיל")+COUNTIFS(Students_Synthetic!D2:D81,A7,Students_Synthetic!I2:I81,"חינוך מיוחד נפרד") -> 0 | E7: =IF((C7+D7)=0,"-",(C7-D7)/(C7+D7)) -> 1 | F7: 140 | G7: 12
A8: אורט סינגאלובסקי תל אביב | B8: =COUNTIF(Students_Synthetic!D2:D81,A8) -> 8 | C8: =COUNTIFS(Students_Synthetic!D2:D81,A8,Students_Synthetic!I2:I81,"הכלה מלאה")+COUNTIFS(Students_Synthetic!D2:D81,A8,Students_Synthetic!I2:I81,"הכלה חלקית") -> 7 | D8: =COUNTIFS(Students_Synthetic!D2:D81,A8,Students_Synthetic!I2:I81,"כיתה מיוחדת בבי""ס רגיל")+COUNTIFS(Students_Synthetic!D2:D81,A8,Students_Synthetic!I2:I81,"חינוך מיוחד נפרד") -> 1 | E8: =IF((C8+D8)=0,"-",(C8-D8)/(C8+D8)) -> 0.75 | F8: 114 | G8: 12
A9: בי"ס אזורי חנ"מ שחף | B9: =COUNTIF(Students_Synthetic!D2:D81,A9) -> 8 | C9: =COUNTIFS(Students_Synthetic!D2:D81,A9,Students_Synthetic!I2:I81,"הכלה מלאה")+COUNTIFS(Students_Synthetic!D2:D81,A9,Students_Synthetic!I2:I81,"הכלה חלקית") -> 0 | D9: =COUNTIFS(Students_Synthetic!D2:D81,A9,Students_Synthetic!I2:I81,"כיתה מיוחדת בבי""ס רגיל")+COUNTIFS(Students_Synthetic!D2:D81,A9,Students_Synthetic!I2:I81,"חינוך מיוחד נפרד") -> 8 | E9: =IF((C9+D9)=0,"-",(C9-D9)/(C9+D9)) -> -1 | F9: 209 | G9: 19
A10: התומר | B10: =COUNTIF(Students_Synthetic!D2:D81,A10) -> 8 | C10: =COUNTIFS(Students_Synthetic!D2:D81,A10,Students_Synthetic!I2:I81,"הכלה מלאה")+COUNTIFS(Students_Synthetic!D2:D81,A10,Students_Synthetic!I2:I81,"הכלה חלקית") -> 0 | D10: =COUNTIFS(Students_Synthetic!D2:D81,A10,Students_Synthetic!I2:I81,"כיתה מיוחדת בבי""ס רגיל")+COUNTIFS(Students_Synthetic!D2:D81,A10,Students_Synthetic!I2:I81,"חינוך מיוחד נפרד") -> 8 | E10: =IF((C10+D10)=0,"-",(C10-D10)/(C10+D10)) -> -1 | F10: 216 | G10: 21
A11: עירוני נווה צדק | B11: =COUNTIF(Students_Synthetic!D2:D81,A11) -> 8 | C11: =COUNTIFS(Students_Synthetic!D2:D81,A11,Students_Synthetic!I2:I81,"הכלה מלאה")+COUNTIFS(Students_Synthetic!D2:D81,A11,Students_Synthetic!I2:I81,"הכלה חלקית") -> 0 | D11: =COUNTIFS(Students_Synthetic!D2:D81,A11,Students_Synthetic!I2:I81,"כיתה מיוחדת בבי""ס רגיל")+COUNTIFS(Students_Synthetic!D2:D81,A11,Students_Synthetic!I2:I81,"חינוך מיוחד נפרד") -> 8 | E11: =IF((C11+D11)=0,"-",(C11-D11)/(C11+D11)) -> -1 | F11: 202 | G11: 20

Sheet README
A1: מקור בתי הספר: קובץ שהעלה המשתמש (all_schools_2022-2024.xlsx) - נתוני מוסדות חינוך אמיתיים, שנת תשפ"ד.
A2: מה אמיתי: institution_symbol, school_name, authority_name, school_stage, ומדדי ה-Real_Schools_Reference
A3: (מספר תלמידי/כיתות חינוך מיוחד, שיעור הכלה, אשכול סוציו-אקונומי) - אלו נתונים מוסדיים/מצטברים ציבוריים.
A4: מה פיקטיבי לחלוטין: כל שורה בגיליון Students_Synthetic - student_id, שם התלמיד, סוג הליקוי, סוג השיבוץ האישי,
A5: שעות תמיכה, יעדים, התאמות. אין קשר בין הרשומות הבודדות לתלמידים אמיתיים בבתי הספר הללו.
A6: 8 תלמידי דמה הוקצו לכל בית ספר אמיתי, כאשר בבתי ספר מסוג 'מיוחד' כל התלמידים משובצים ב'חינוך מיוחד נפרד',
A7: ובבתי ספר 'רגיל' מתחלקים בין הכלה מלאה/חלקית/כיתה מיוחדת - כדי לשקף באופן ריאלי (אך לא מדויק) את התמהיל הצפוי.
A8: השימוש המיועד: בדיקת פייפליין החילוץ (Document Intelligence) על הקשר של בתי ספר אמיתיים, ללא כל חשיפת מידע
A9: מזהה על תלמיד אמיתי כלשהו.
